"","Plot","Patch","coordInc"
"1",1,"1",0
"2",1,"10",0
"3",1,"100",1
"4",1,"101",1
"5",1,"102",1
"6",1,"103",1
"7",1,"104",1
"8",1,"105",1
"9",1,"106",1
"10",1,"107",1
"11",1,"108",1
"12",1,"109",1
"13",1,"11",0
"14",1,"110",1
"15",1,"111",1
"16",1,"112",0
"17",1,"113",0
"18",1,"114",0
"19",1,"115",0
"20",1,"116",0
"21",1,"117",0
"22",1,"118",0
"23",1,"119",0
"24",1,"12",0
"25",1,"120",0
"26",1,"121",0
"27",1,"122",0
"28",1,"123",0
"29",1,"124",0
"30",1,"125",0
"31",1,"126",1
"32",1,"127",1
"33",1,"128",1
"34",1,"129",1
"35",1,"13",0
"36",1,"130",1
"37",1,"131",1
"38",1,"132",1
"39",1,"133",1
"40",1,"134",0
"41",1,"135",0
"42",1,"136",1
"43",1,"137",0
"44",1,"138",0
"45",1,"139",0
"46",1,"14",0
"47",1,"140",0
"48",1,"141",0
"49",1,"142",0
"50",1,"143",0
"51",1,"144",0
"52",1,"145",0
"53",1,"146",0
"54",1,"147",0
"55",1,"148",0
"56",1,"149",0
"57",1,"15",0
"58",1,"150",0
"59",1,"151",0
"60",1,"152",0
"61",1,"153",0
"62",1,"154",0
"63",1,"155",0
"64",1,"156",0
"65",1,"157",0
"66",1,"158",0
"67",1,"159",0
"68",1,"16",1
"69",1,"160",0
"70",1,"161",0
"71",1,"162",0
"72",1,"163",0
"73",1,"164",0
"74",1,"165",1
"75",1,"166",1
"76",1,"167",1
"77",1,"168",1
"78",1,"169",1
"79",1,"17",0
"80",1,"170",1
"81",1,"171",1
"82",1,"172",1
"83",1,"173",1
"84",1,"174",1
"85",1,"175",1
"86",1,"176",1
"87",1,"177",1
"88",1,"178",1
"89",1,"179",1
"90",1,"18",0
"91",1,"180",1
"92",1,"181",1
"93",1,"182",1
"94",1,"183",1
"95",1,"184",1
"96",1,"185",1
"97",1,"186",1
"98",1,"187",1
"99",1,"188",1
"100",1,"189",1
"101",1,"19",0
"102",1,"190",1
"103",1,"191",0
"104",1,"192",NA
"105",1,"193",NA
"106",1,"194",NA
"107",1,"195",NA
"108",1,"196",NA
"109",1,"2",0
"110",1,"20",0
"111",1,"21",0
"112",1,"22",0
"113",1,"23",1
"114",1,"24",0
"115",1,"25",0
"116",1,"26",0
"117",1,"27",0
"118",1,"28",0
"119",1,"29",0
"120",1,"3",0
"121",1,"30",0
"122",1,"31",0
"123",1,"32",0
"124",1,"33",0
"125",1,"34",0
"126",1,"35",0
"127",1,"36",0
"128",1,"37",0
"129",1,"38",0
"130",1,"39",1
"131",1,"4",0
"132",1,"40",0
"133",1,"41",0
"134",1,"42",0
"135",1,"43",0
"136",1,"44",0
"137",1,"45",0
"138",1,"46",1
"139",1,"47",1
"140",1,"48",1
"141",1,"49",1
"142",1,"5",0
"143",1,"50",1
"144",1,"51",1
"145",1,"52",1
"146",1,"53",1
"147",1,"54",1
"148",1,"55",1
"149",1,"56",1
"150",1,"57",1
"151",1,"58",1
"152",1,"59",1
"153",1,"6",0
"154",1,"60",0
"155",1,"61",0
"156",1,"62",0
"157",1,"63",0
"158",1,"64",0
"159",1,"65",0
"160",1,"66",0
"161",1,"67",0
"162",1,"68",1
"163",1,"69",1
"164",1,"7",0
"165",1,"70",1
"166",1,"71",1
"167",1,"72",1
"168",1,"73",1
"169",1,"74",1
"170",1,"75",1
"171",1,"76",1
"172",1,"77",1
"173",1,"78",1
"174",1,"79",1
"175",1,"8",0
"176",1,"80",1
"177",1,"81",1
"178",1,"82",1
"179",1,"83",1
"180",1,"84",1
"181",1,"85",1
"182",1,"86",1
"183",1,"87",1
"184",1,"88",1
"185",1,"89",1
"186",1,"9",0
"187",1,"90",0
"188",1,"91",1
"189",1,"92",1
"190",1,"93",1
"191",1,"94",1
"192",1,"95",1
"193",1,"96",1
"194",1,"97",1
"195",1,"98",1
"196",1,"99",1
"197",2,"1",0
"198",2,"10",0
"199",2,"100",0
"200",2,"101",0
"201",2,"102",0
"202",2,"103",1
"203",2,"104",1
"204",2,"105",1
"205",2,"106",1
"206",2,"107",1
"207",2,"108",1
"208",2,"109",1
"209",2,"11",0
"210",2,"110",1
"211",2,"111",1
"212",2,"112",1
"213",2,"113",1
"214",2,"114",1
"215",2,"115",1
"216",2,"116",1
"217",2,"117",1
"218",2,"118",1
"219",2,"119",1
"220",2,"12",0
"221",2,"120",1
"222",2,"121",1
"223",2,"122",1
"224",2,"123",1
"225",2,"124",0
"226",2,"125",1
"227",2,"126",1
"228",2,"127",1
"229",2,"128",1
"230",2,"129",1
"231",2,"13",0
"232",2,"130",1
"233",2,"131",1
"234",2,"132",1
"235",2,"133",1
"236",2,"134",1
"237",2,"135",1
"238",2,"136",1
"239",2,"137",1
"240",2,"138",1
"241",2,"139",1
"242",2,"14",0
"243",2,"140",1
"244",2,"141",1
"245",2,"142",1
"246",2,"143",1
"247",2,"144",0
"248",2,"145",0
"249",2,"146",0
"250",2,"147",0
"251",2,"148",0
"252",2,"149",0
"253",2,"15",0
"254",2,"150",0
"255",2,"151",0
"256",2,"152",0
"257",2,"153",0
"258",2,"154",0
"259",2,"155",0
"260",2,"156",0
"261",2,"157",0
"262",2,"158",0
"263",2,"159",0
"264",2,"16",0
"265",2,"160",0
"266",2,"161",0
"267",2,"162",0
"268",2,"163",0
"269",2,"164",0
"270",2,"165",0
"271",2,"166",0
"272",2,"167",0
"273",2,"168",0
"274",2,"169",0
"275",2,"17",0
"276",2,"170",0
"277",2,"171",0
"278",2,"172",0
"279",2,"173",0
"280",2,"174",0
"281",2,"175",0
"282",2,"176",0
"283",2,"177",1
"284",2,"178",1
"285",2,"179",1
"286",2,"18",0
"287",2,"180",1
"288",2,"181",1
"289",2,"182",1
"290",2,"183",1
"291",2,"184",1
"292",2,"185",0
"293",2,"186",0
"294",2,"187",1
"295",2,"188",1
"296",2,"189",1
"297",2,"19",0
"298",2,"190",1
"299",2,"191",1
"300",2,"192",1
"301",2,"193",1
"302",2,"194",1
"303",2,"195",1
"304",2,"196",1
"305",2,"197",1
"306",2,"198",1
"307",2,"199",1
"308",2,"2",0
"309",2,"20",0
"310",2,"200",1
"311",2,"201",0
"312",2,"202",0
"313",2,"203",0
"314",2,"204",0
"315",2,"205",0
"316",2,"206",0
"317",2,"207",0
"318",2,"208",0
"319",2,"209",0
"320",2,"21",0
"321",2,"210",0
"322",2,"211",1
"323",2,"212",1
"324",2,"213",1
"325",2,"214",1
"326",2,"215",1
"327",2,"216",0
"328",2,"217",0
"329",2,"218",0
"330",2,"219",0
"331",2,"22",0
"332",2,"220",0
"333",2,"221",0
"334",2,"222",0
"335",2,"223",0
"336",2,"224",0
"337",2,"225",0
"338",2,"226",0
"339",2,"227",1
"340",2,"228",1
"341",2,"229",1
"342",2,"23",0
"343",2,"230",1
"344",2,"231",0
"345",2,"232",0
"346",2,"233",0
"347",2,"234",0
"348",2,"235",0
"349",2,"236",0
"350",2,"237",0
"351",2,"238",0
"352",2,"239",0
"353",2,"24",0
"354",2,"240",0
"355",2,"241",0
"356",2,"242",0
"357",2,"243",0
"358",2,"244",0
"359",2,"245",0
"360",2,"246",0
"361",2,"247",0
"362",2,"248",0
"363",2,"249",0
"364",2,"25",0
"365",2,"250",0
"366",2,"251",0
"367",2,"252",0
"368",2,"253",0
"369",2,"254",0
"370",2,"255",0
"371",2,"256",0
"372",2,"257",1
"373",2,"258",0
"374",2,"26",0
"375",2,"27",0
"376",2,"28",0
"377",2,"29",0
"378",2,"3",0
"379",2,"30",0
"380",2,"31",0
"381",2,"32",0
"382",2,"33",1
"383",2,"34",1
"384",2,"35",1
"385",2,"36",0
"386",2,"37",1
"387",2,"38",1
"388",2,"39",1
"389",2,"4",0
"390",2,"40",1
"391",2,"41",0
"392",2,"42",1
"393",2,"43",1
"394",2,"44",1
"395",2,"45",1
"396",2,"46",1
"397",2,"47",1
"398",2,"48",1
"399",2,"49",1
"400",2,"5",0
"401",2,"50",1
"402",2,"51",1
"403",2,"52",0
"404",2,"53",0
"405",2,"54",0
"406",2,"55",1
"407",2,"56",0
"408",2,"57",0
"409",2,"58",0
"410",2,"59",0
"411",2,"6",0
"412",2,"60",0
"413",2,"61",0
"414",2,"62",0
"415",2,"63",0
"416",2,"64",1
"417",2,"65",1
"418",2,"66",1
"419",2,"67",1
"420",2,"68",1
"421",2,"69",1
"422",2,"7",0
"423",2,"70",1
"424",2,"71",1
"425",2,"72",1
"426",2,"73",1
"427",2,"74",1
"428",2,"75",1
"429",2,"76",1
"430",2,"77",1
"431",2,"78",1
"432",2,"79",1
"433",2,"8",0
"434",2,"80",1
"435",2,"81",1
"436",2,"82",1
"437",2,"83",1
"438",2,"84",1
"439",2,"85",1
"440",2,"86",1
"441",2,"87",1
"442",2,"88",1
"443",2,"89",0
"444",2,"9",0
"445",2,"90",0
"446",2,"91",0
"447",2,"92",0
"448",2,"93",0
"449",2,"94",0
"450",2,"95",0
"451",2,"96",0
"452",2,"97",0
"453",2,"98",0
"454",2,"99",0
"455",3,"1",0
"456",3,"10",0
"457",3,"100",1
"458",3,"101",1
"459",3,"102",1
"460",3,"103",1
"461",3,"104",1
"462",3,"105",1
"463",3,"106",0
"464",3,"107",0
"465",3,"108",0
"466",3,"109",0
"467",3,"11",0
"468",3,"110",0
"469",3,"111",0
"470",3,"112",0
"471",3,"113",0
"472",3,"114",0
"473",3,"115",0
"474",3,"116",0
"475",3,"117",1
"476",3,"118",0
"477",3,"119",1
"478",3,"12",0
"479",3,"120",1
"480",3,"121",1
"481",3,"122",1
"482",3,"123",1
"483",3,"124",1
"484",3,"125",1
"485",3,"126",1
"486",3,"127",1
"487",3,"128",1
"488",3,"129",0
"489",3,"13",0
"490",3,"130",0
"491",3,"131",0
"492",3,"132",0
"493",3,"133",0
"494",3,"134",0
"495",3,"135",0
"496",3,"136",0
"497",3,"137",0
"498",3,"138",0
"499",3,"139",0
"500",3,"14",0
"501",3,"140",0
"502",3,"141",0
"503",3,"142",0
"504",3,"143",0
"505",3,"144",0
"506",3,"145",0
"507",3,"146",0
"508",3,"147",1
"509",3,"148",0
"510",3,"149",0
"511",3,"15",0
"512",3,"150",0
"513",3,"151",0
"514",3,"152",0
"515",3,"153",0
"516",3,"154",0
"517",3,"155",0
"518",3,"156",0
"519",3,"16",0
"520",3,"17",0
"521",3,"18",0
"522",3,"19",0
"523",3,"2",0
"524",3,"20",0
"525",3,"21",0
"526",3,"22",1
"527",3,"23",1
"528",3,"24",1
"529",3,"25",1
"530",3,"26",0
"531",3,"27",0
"532",3,"28",0
"533",3,"29",0
"534",3,"3",0
"535",3,"30",0
"536",3,"31",1
"537",3,"32",1
"538",3,"33",0
"539",3,"34",0
"540",3,"35",1
"541",3,"36",1
"542",3,"37",0
"543",3,"38",1
"544",3,"39",0
"545",3,"4",0
"546",3,"40",0
"547",3,"41",0
"548",3,"42",0
"549",3,"43",0
"550",3,"44",0
"551",3,"45",0
"552",3,"46",0
"553",3,"47",0
"554",3,"48",0
"555",3,"49",0
"556",3,"5",0
"557",3,"50",0
"558",3,"51",1
"559",3,"52",1
"560",3,"53",1
"561",3,"54",1
"562",3,"55",1
"563",3,"56",1
"564",3,"57",1
"565",3,"58",1
"566",3,"59",1
"567",3,"6",0
"568",3,"60",1
"569",3,"61",1
"570",3,"62",1
"571",3,"63",1
"572",3,"64",1
"573",3,"65",1
"574",3,"66",1
"575",3,"67",1
"576",3,"68",NA
"577",3,"69",1
"578",3,"7",0
"579",3,"70",1
"580",3,"71",1
"581",3,"72",0
"582",3,"73",0
"583",3,"74",0
"584",3,"75",0
"585",3,"76",0
"586",3,"77",0
"587",3,"78",0
"588",3,"79",0
"589",3,"8",0
"590",3,"80",1
"591",3,"81",1
"592",3,"82",1
"593",3,"83",1
"594",3,"84",1
"595",3,"85",1
"596",3,"86",1
"597",3,"87",1
"598",3,"88",1
"599",3,"89",1
"600",3,"9",0
"601",3,"90",1
"602",3,"91",1
"603",3,"92",1
"604",3,"93",1
"605",3,"94",1
"606",3,"95",1
"607",3,"96",1
"608",3,"97",1
"609",3,"98",1
"610",3,"99",1
"611",4,"1",0
"612",4,"10",0
"613",4,"100",1
"614",4,"101",1
"615",4,"102",1
"616",4,"103",1
"617",4,"104",1
"618",4,"105",1
"619",4,"106",1
"620",4,"107",1
"621",4,"108",1
"622",4,"109",1
"623",4,"11",0
"624",4,"110",1
"625",4,"111",1
"626",4,"112",0
"627",4,"113",0
"628",4,"114",0
"629",4,"115",0
"630",4,"116",0
"631",4,"117",0
"632",4,"118",0
"633",4,"119",0
"634",4,"12",0
"635",4,"120",0
"636",4,"121",0
"637",4,"122",0
"638",4,"123",0
"639",4,"124",0
"640",4,"125",0
"641",4,"126",0
"642",4,"127",0
"643",4,"128",0
"644",4,"129",0
"645",4,"13",0
"646",4,"130",0
"647",4,"131",0
"648",4,"132",0
"649",4,"133",0
"650",4,"134",0
"651",4,"135",0
"652",4,"136",0
"653",4,"137",1
"654",4,"138",1
"655",4,"139",1
"656",4,"14",0
"657",4,"140",1
"658",4,"141",1
"659",4,"142",1
"660",4,"143",1
"661",4,"144",1
"662",4,"145",1
"663",4,"146",1
"664",4,"147",1
"665",4,"148",1
"666",4,"149",1
"667",4,"15",0
"668",4,"150",1
"669",4,"151",1
"670",4,"152",1
"671",4,"153",1
"672",4,"154",1
"673",4,"155",1
"674",4,"156",1
"675",4,"157",1
"676",4,"158",1
"677",4,"159",1
"678",4,"16",0
"679",4,"160",1
"680",4,"161",1
"681",4,"162",1
"682",4,"163",0
"683",4,"164",0
"684",4,"165",0
"685",4,"166",0
"686",4,"167",0
"687",4,"168",0
"688",4,"169",0
"689",4,"17",0
"690",4,"170",0
"691",4,"171",1
"692",4,"172",1
"693",4,"173",1
"694",4,"174",1
"695",4,"175",1
"696",4,"176",1
"697",4,"177",1
"698",4,"178",1
"699",4,"179",1
"700",4,"18",0
"701",4,"180",1
"702",4,"181",1
"703",4,"182",1
"704",4,"183",1
"705",4,"184",1
"706",4,"185",1
"707",4,"186",1
"708",4,"187",1
"709",4,"188",1
"710",4,"189",1
"711",4,"19",0
"712",4,"190",0
"713",4,"191",0
"714",4,"192",0
"715",4,"193",0
"716",4,"194",1
"717",4,"195",0
"718",4,"196",0
"719",4,"197",0
"720",4,"198",0
"721",4,"199",0
"722",4,"2",0
"723",4,"20",0
"724",4,"200",0
"725",4,"201",0
"726",4,"202",0
"727",4,"203",0
"728",4,"204",0
"729",4,"205",0
"730",4,"206",0
"731",4,"207",0
"732",4,"208",0
"733",4,"209",0
"734",4,"21",0
"735",4,"210",0
"736",4,"211",0
"737",4,"212",0
"738",4,"213",0
"739",4,"214",0
"740",4,"215",0
"741",4,"216",0
"742",4,"217",0
"743",4,"218",0
"744",4,"219",0
"745",4,"22",0
"746",4,"220",0
"747",4,"221",0
"748",4,"222",0
"749",4,"223",0
"750",4,"224",0
"751",4,"225",0
"752",4,"226",0
"753",4,"227",0
"754",4,"228",0
"755",4,"229",0
"756",4,"23",0
"757",4,"230",0
"758",4,"231",0
"759",4,"232",1
"760",4,"233",1
"761",4,"234",0
"762",4,"235",0
"763",4,"24",0
"764",4,"25",0
"765",4,"26",0
"766",4,"27",0
"767",4,"28",0
"768",4,"29",0
"769",4,"3",0
"770",4,"30",0
"771",4,"31",0
"772",4,"32",0
"773",4,"33",0
"774",4,"34",0
"775",4,"35",0
"776",4,"36",0
"777",4,"37",0
"778",4,"38",0
"779",4,"39",0
"780",4,"4",0
"781",4,"40",0
"782",4,"41",0
"783",4,"42",0
"784",4,"43",0
"785",4,"44",0
"786",4,"45",0
"787",4,"46",0
"788",4,"47",0
"789",4,"48",0
"790",4,"49",0
"791",4,"5",0
"792",4,"50",0
"793",4,"51",0
"794",4,"52",0
"795",4,"53",1
"796",4,"54",1
"797",4,"55",0
"798",4,"56",0
"799",4,"57",0
"800",4,"58",0
"801",4,"59",0
"802",4,"6",0
"803",4,"60",0
"804",4,"61",0
"805",4,"62",0
"806",4,"63",0
"807",4,"64",0
"808",4,"65",0
"809",4,"66",0
"810",4,"67",0
"811",4,"68",0
"812",4,"69",1
"813",4,"7",0
"814",4,"70",1
"815",4,"71",0
"816",4,"72",1
"817",4,"73",1
"818",4,"74",1
"819",4,"75",1
"820",4,"76",1
"821",4,"77",1
"822",4,"78",1
"823",4,"79",1
"824",4,"8",0
"825",4,"80",1
"826",4,"81",1
"827",4,"82",1
"828",4,"83",0
"829",4,"84",0
"830",4,"85",0
"831",4,"86",0
"832",4,"87",0
"833",4,"88",0
"834",4,"89",0
"835",4,"9",0
"836",4,"90",0
"837",4,"91",1
"838",4,"92",1
"839",4,"93",1
"840",4,"94",1
"841",4,"95",1
"842",4,"96",1
"843",4,"97",1
"844",4,"98",1
"845",4,"99",1
"846",5,"1",0
"847",5,"10",0
"848",5,"100",0
"849",5,"101",0
"850",5,"102",0
"851",5,"103",0
"852",5,"104",0
"853",5,"105",0
"854",5,"106",0
"855",5,"107",0
"856",5,"108",0
"857",5,"109",0
"858",5,"11",0
"859",5,"110",0
"860",5,"111",0
"861",5,"112",1
"862",5,"113",1
"863",5,"114",1
"864",5,"115",1
"865",5,"116",1
"866",5,"117",1
"867",5,"118",1
"868",5,"119",1
"869",5,"12",0
"870",5,"120",1
"871",5,"121",1
"872",5,"122",1
"873",5,"123",1
"874",5,"124",1
"875",5,"125",1
"876",5,"126",1
"877",5,"127",1
"878",5,"128",1
"879",5,"129",1
"880",5,"13",0
"881",5,"130",1
"882",5,"131",1
"883",5,"132",1
"884",5,"133",1
"885",5,"134",1
"886",5,"135",1
"887",5,"136",1
"888",5,"137",1
"889",5,"138",1
"890",5,"139",1
"891",5,"14",0
"892",5,"140",1
"893",5,"141",1
"894",5,"142",1
"895",5,"143",1
"896",5,"144",1
"897",5,"145",1
"898",5,"146",1
"899",5,"147",1
"900",5,"148",1
"901",5,"149",1
"902",5,"15",0
"903",5,"150",1
"904",5,"151",0
"905",5,"152",0
"906",5,"153",0
"907",5,"154",0
"908",5,"155",0
"909",5,"156",0
"910",5,"157",0
"911",5,"158",0
"912",5,"159",0
"913",5,"16",0
"914",5,"160",0
"915",5,"161",0
"916",5,"162",0
"917",5,"163",0
"918",5,"164",0
"919",5,"165",1
"920",5,"166",1
"921",5,"167",1
"922",5,"168",1
"923",5,"169",1
"924",5,"17",0
"925",5,"170",1
"926",5,"171",1
"927",5,"172",1
"928",5,"173",1
"929",5,"174",1
"930",5,"175",1
"931",5,"176",1
"932",5,"177",1
"933",5,"178",1
"934",5,"179",1
"935",5,"18",0
"936",5,"180",1
"937",5,"181",1
"938",5,"182",1
"939",5,"183",1
"940",5,"184",1
"941",5,"185",1
"942",5,"186",1
"943",5,"187",1
"944",5,"188",1
"945",5,"189",1
"946",5,"19",0
"947",5,"190",1
"948",5,"191",1
"949",5,"192",1
"950",5,"193",1
"951",5,"194",1
"952",5,"195",1
"953",5,"196",1
"954",5,"197",0
"955",5,"198",0
"956",5,"199",0
"957",5,"2",0
"958",5,"20",0
"959",5,"200",0
"960",5,"201",0
"961",5,"202",1
"962",5,"203",1
"963",5,"204",0
"964",5,"205",0
"965",5,"206",0
"966",5,"207",0
"967",5,"208",0
"968",5,"209",0
"969",5,"21",0
"970",5,"210",0
"971",5,"211",0
"972",5,"212",0
"973",5,"213",0
"974",5,"214",0
"975",5,"215",0
"976",5,"216",0
"977",5,"217",0
"978",5,"218",0
"979",5,"219",0
"980",5,"22",0
"981",5,"220",0
"982",5,"221",0
"983",5,"222",1
"984",5,"223",0
"985",5,"224",1
"986",5,"225",1
"987",5,"226",0
"988",5,"227",0
"989",5,"228",0
"990",5,"229",0
"991",5,"23",0
"992",5,"230",0
"993",5,"231",0
"994",5,"232",0
"995",5,"233",1
"996",5,"234",0
"997",5,"235",0
"998",5,"236",0
"999",5,"237",0
"1000",5,"238",0
"1001",5,"239",0
"1002",5,"24",0
"1003",5,"240",0
"1004",5,"241",0
"1005",5,"242",0
"1006",5,"243",0
"1007",5,"244",0
"1008",5,"245",0
"1009",5,"246",0
"1010",5,"247",0
"1011",5,"248",0
"1012",5,"249",0
"1013",5,"25",0
"1014",5,"250",0
"1015",5,"251",0
"1016",5,"252",0
"1017",5,"253",0
"1018",5,"254",0
"1019",5,"255",0
"1020",5,"256",0
"1021",5,"257",0
"1022",5,"258",0
"1023",5,"259",0
"1024",5,"26",0
"1025",5,"260",0
"1026",5,"261",0
"1027",5,"262",0
"1028",5,"263",0
"1029",5,"264",0
"1030",5,"265",0
"1031",5,"266",0
"1032",5,"267",0
"1033",5,"268",0
"1034",5,"269169",1
"1035",5,"27",0
"1036",5,"270",1
"1037",5,"271",1
"1038",5,"272",0
"1039",5,"273",0
"1040",5,"274",0
"1041",5,"275",0
"1042",5,"276",1
"1043",5,"277",1
"1044",5,"278",1
"1045",5,"279",1
"1046",5,"28",0
"1047",5,"280",1
"1048",5,"281",1
"1049",5,"282",1
"1050",5,"283",1
"1051",5,"284",1
"1052",5,"285",0
"1053",5,"286",0
"1054",5,"287",0
"1055",5,"288",0
"1056",5,"289",0
"1057",5,"29",0
"1058",5,"290",0
"1059",5,"291",0
"1060",5,"292",0
"1061",5,"293",0
"1062",5,"294",1
"1063",5,"295",1
"1064",5,"296",1
"1065",5,"297",0
"1066",5,"3",0
"1067",5,"30",0
"1068",5,"31",0
"1069",5,"32",0
"1070",5,"33",0
"1071",5,"34",0
"1072",5,"35",0
"1073",5,"36",0
"1074",5,"37",0
"1075",5,"38",0
"1076",5,"39",0
"1077",5,"4",0
"1078",5,"40",0
"1079",5,"41",0
"1080",5,"42",0
"1081",5,"43",0
"1082",5,"44",0
"1083",5,"45",0
"1084",5,"46",0
"1085",5,"47",0
"1086",5,"48",0
"1087",5,"49",0
"1088",5,"5",0
"1089",5,"50",0
"1090",5,"51",0
"1091",5,"52",0
"1092",5,"53",0
"1093",5,"5456",0
"1094",5,"55",0
"1095",5,"57",0
"1096",5,"58",0
"1097",5,"59",0
"1098",5,"6",0
"1099",5,"60",0
"1100",5,"61",0
"1101",5,"62",1
"1102",5,"63",0
"1103",5,"64",1
"1104",5,"65",1
"1105",5,"66",1
"1106",5,"67",1
"1107",5,"68",1
"1108",5,"69",1
"1109",5,"7",0
"1110",5,"70",0
"1111",5,"71",1
"1112",5,"72",1
"1113",5,"73",1
"1114",5,"7478",1
"1115",5,"75",1
"1116",5,"76",1
"1117",5,"77",1
"1118",5,"79",1
"1119",5,"8",0
"1120",5,"80",1
"1121",5,"81",1
"1122",5,"82",1
"1123",5,"83",1
"1124",5,"84",1
"1125",5,"85",1
"1126",5,"86",1
"1127",5,"87",0
"1128",5,"88",0
"1129",5,"89",0
"1130",5,"9",0
"1131",5,"90",0
"1132",5,"91",0
"1133",5,"92",0
"1134",5,"93",0
"1135",5,"94",0
"1136",5,"95",0
"1137",5,"96",0
"1138",5,"97",0
"1139",5,"98",0
"1140",5,"99",0
"1141",6,"1",0
"1142",6,"10",0
"1143",6,"100",0
"1144",6,"101",0
"1145",6,"102",0
"1146",6,"103",0
"1147",6,"104",0
"1148",6,"105",0
"1149",6,"106",0
"1150",6,"107",0
"1151",6,"108",0
"1152",6,"109",0
"1153",6,"11",0
"1154",6,"110",0
"1155",6,"111",0
"1156",6,"112",1
"1157",6,"113",1
"1158",6,"114",1
"1159",6,"115",1
"1160",6,"116",0
"1161",6,"117",1
"1162",6,"118",1
"1163",6,"119",1
"1164",6,"12",0
"1165",6,"120",1
"1166",6,"121",1
"1167",6,"122",1
"1168",6,"123",1
"1169",6,"124",1
"1170",6,"125",1
"1171",6,"126",1
"1172",6,"127",1
"1173",6,"128",1
"1174",6,"129",1
"1175",6,"13",0
"1176",6,"130",1
"1177",6,"131",1
"1178",6,"132",0
"1179",6,"133",0
"1180",6,"134",0
"1181",6,"135",0
"1182",6,"136",0
"1183",6,"137",0
"1184",6,"138",0
"1185",6,"139",1
"1186",6,"14",0
"1187",6,"140",0
"1188",6,"141",0
"1189",6,"142",1
"1190",6,"143",1
"1191",6,"144",1
"1192",6,"145",1
"1193",6,"146",1
"1194",6,"147",1
"1195",6,"148",1
"1196",6,"149",1
"1197",6,"15",0
"1198",6,"150",1
"1199",6,"151",1
"1200",6,"152",1
"1201",6,"153",1
"1202",6,"154",1
"1203",6,"155",1
"1204",6,"156",1
"1205",6,"157",1
"1206",6,"158",1
"1207",6,"159",1
"1208",6,"16",0
"1209",6,"160",1
"1210",6,"161",0
"1211",6,"162",0
"1212",6,"163",0
"1213",6,"164",0
"1214",6,"165",0
"1215",6,"166",0
"1216",6,"167",0
"1217",6,"168",0
"1218",6,"169",0
"1219",6,"17",0
"1220",6,"170",0
"1221",6,"171",0
"1222",6,"172",0
"1223",6,"173",0
"1224",6,"174",0
"1225",6,"175",0
"1226",6,"176",0
"1227",6,"177",0
"1228",6,"178",0
"1229",6,"179",0
"1230",6,"18",0
"1231",6,"180",0
"1232",6,"181",0
"1233",6,"182",0
"1234",6,"183",0
"1235",6,"184",0
"1236",6,"185",0
"1237",6,"186",0
"1238",6,"187",1
"1239",6,"188",1
"1240",6,"189",1
"1241",6,"19",0
"1242",6,"190",1
"1243",6,"191",1
"1244",6,"192",1
"1245",6,"193",1
"1246",6,"194",1
"1247",6,"195",1
"1248",6,"196",1
"1249",6,"197",1
"1250",6,"198",1
"1251",6,"199",1
"1252",6,"2",0
"1253",6,"20",0
"1254",6,"200",1
"1255",6,"201",1
"1256",6,"202",1
"1257",6,"203",1
"1258",6,"204",0
"1259",6,"205",0
"1260",6,"206",0
"1261",6,"207",0
"1262",6,"208",0
"1263",6,"209",0
"1264",6,"21",0
"1265",6,"210",0
"1266",6,"211",0
"1267",6,"212",1
"1268",6,"213",1
"1269",6,"214",1
"1270",6,"215",1
"1271",6,"216",1
"1272",6,"217",1
"1273",6,"218",1
"1274",6,"219",1
"1275",6,"22",0
"1276",6,"220",1
"1277",6,"221",1
"1278",6,"222",1
"1279",6,"223",1
"1280",6,"224",1
"1281",6,"225",1
"1282",6,"226",1
"1283",6,"227",1
"1284",6,"228",1
"1285",6,"229",1
"1286",6,"23",0
"1287",6,"230",1
"1288",6,"231",1
"1289",6,"232",1
"1290",6,"233",1
"1291",6,"234",1
"1292",6,"235",1
"1293",6,"236",1
"1294",6,"237",0
"1295",6,"238",0
"1296",6,"239",0
"1297",6,"24",0
"1298",6,"240",0
"1299",6,"241",0
"1300",6,"242",0
"1301",6,"243",0
"1302",6,"244",0
"1303",6,"245",0
"1304",6,"246",0
"1305",6,"247",0
"1306",6,"248",0
"1307",6,"249",0
"1308",6,"25",0
"1309",6,"250",0
"1310",6,"251",0
"1311",6,"252",0
"1312",6,"253",0
"1313",6,"254",1
"1314",6,"255",0
"1315",6,"256",0
"1316",6,"257",0
"1317",6,"258",0
"1318",6,"259",0
"1319",6,"26",0
"1320",6,"260",0
"1321",6,"261",1
"1322",6,"262",0
"1323",6,"263",1
"1324",6,"264",1
"1325",6,"265",1
"1326",6,"266",1
"1327",6,"267",1
"1328",6,"268",1
"1329",6,"269",1
"1330",6,"27",0
"1331",6,"270",1
"1332",6,"271",1
"1333",6,"272",1
"1334",6,"273",1
"1335",6,"274",1
"1336",6,"275",1
"1337",6,"276",1
"1338",6,"277",1
"1339",6,"278",1
"1340",6,"279",1
"1341",6,"28",0
"1342",6,"280",1
"1343",6,"281",1
"1344",6,"282",1
"1345",6,"283",1
"1346",6,"284",1
"1347",6,"285",1
"1348",6,"286",1
"1349",6,"287",1
"1350",6,"288",0
"1351",6,"289",1
"1352",6,"29",0
"1353",6,"290",1
"1354",6,"291",1
"1355",6,"292",0
"1356",6,"293",0
"1357",6,"294",0
"1358",6,"295",0
"1359",6,"296",0
"1360",6,"297",1
"1361",6,"298",1
"1362",6,"299",1
"1363",6,"3",0
"1364",6,"30",0
"1365",6,"300",0
"1366",6,"301",0
"1367",6,"302",0
"1368",6,"303",0
"1369",6,"304",0
"1370",6,"305",0
"1371",6,"306",0
"1372",6,"307",0
"1373",6,"308",1
"1374",6,"309",0
"1375",6,"31",0
"1376",6,"310",1
"1377",6,"311",1
"1378",6,"312",0
"1379",6,"313",0
"1380",6,"314",0
"1381",6,"315",0
"1382",6,"316",0
"1383",6,"317",0
"1384",6,"318",0
"1385",6,"319",0
"1386",6,"32",0
"1387",6,"320",0
"1388",6,"321",0
"1389",6,"322",0
"1390",6,"323",0
"1391",6,"324",0
"1392",6,"325",0
"1393",6,"326",0
"1394",6,"327",0
"1395",6,"328",0
"1396",6,"329",0
"1397",6,"33",0
"1398",6,"330",0
"1399",6,"331",0
"1400",6,"332",0
"1401",6,"333",0
"1402",6,"334",0
"1403",6,"335",0
"1404",6,"336",0
"1405",6,"337",0
"1406",6,"338",0
"1407",6,"339",0
"1408",6,"34",0
"1409",6,"340",0
"1410",6,"341",0
"1411",6,"342",0
"1412",6,"343",0
"1413",6,"344",0
"1414",6,"345",0
"1415",6,"346",0
"1416",6,"347",0
"1417",6,"348",0
"1418",6,"349",0
"1419",6,"35",0
"1420",6,"350",0
"1421",6,"351",0
"1422",6,"352",0
"1423",6,"353",0
"1424",6,"354",0
"1425",6,"355",0
"1426",6,"356",0
"1427",6,"357",0
"1428",6,"358",0
"1429",6,"359",0
"1430",6,"36",0
"1431",6,"360",0
"1432",6,"361",1
"1433",6,"362",1
"1434",6,"37",0
"1435",6,"38",0
"1436",6,"39",0
"1437",6,"4",0
"1438",6,"40",0
"1439",6,"41",0
"1440",6,"42",0
"1441",6,"43",0
"1442",6,"44",0
"1443",6,"45",0
"1444",6,"46",0
"1445",6,"47",0
"1446",6,"48",0
"1447",6,"49",0
"1448",6,"5",0
"1449",6,"50",0
"1450",6,"51",0
"1451",6,"52",0
"1452",6,"53",0
"1453",6,"54",0
"1454",6,"55",0
"1455",6,"56",0
"1456",6,"57",0
"1457",6,"58",1
"1458",6,"59",1
"1459",6,"6",0
"1460",6,"60",0
"1461",6,"61",0
"1462",6,"62",0
"1463",6,"63",0
"1464",6,"64",0
"1465",6,"65",0
"1466",6,"66",0
"1467",6,"67",0
"1468",6,"68",0
"1469",6,"69",0
"1470",6,"7",0
"1471",6,"70",0
"1472",6,"71",0
"1473",6,"72",0
"1474",6,"73",0
"1475",6,"74",0
"1476",6,"75",0
"1477",6,"76",0
"1478",6,"77",0
"1479",6,"78",0
"1480",6,"79",0
"1481",6,"8",0
"1482",6,"80",0
"1483",6,"81",0
"1484",6,"82",0
"1485",6,"83",0
"1486",6,"84",1
"1487",6,"85",1
"1488",6,"86",1
"1489",6,"87",1
"1490",6,"88",1
"1491",6,"89",1
"1492",6,"9",0
"1493",6,"90",1
"1494",6,"91",1
"1495",6,"92",0
"1496",6,"93",0
"1497",6,"94",0
"1498",6,"95",0
"1499",6,"96",1
"1500",6,"97",0
"1501",6,"98",0
"1502",6,"99",0
"1503",7,"1",0
"1504",7,"10",0
"1505",7,"100",1
"1506",7,"101",1
"1507",7,"102",0
"1508",7,"103",0
"1509",7,"104",0
"1510",7,"105",0
"1511",7,"106",0
"1512",7,"107",0
"1513",7,"108",0
"1514",7,"109",1
"1515",7,"11",0
"1516",7,"110",0
"1517",7,"111",0
"1518",7,"112",0
"1519",7,"113",0
"1520",7,"114",1
"1521",7,"115",1
"1522",7,"116",1
"1523",7,"117",1
"1524",7,"118",1
"1525",7,"119",1
"1526",7,"12",0
"1527",7,"120",1
"1528",7,"121",1
"1529",7,"122",0
"1530",7,"123",0
"1531",7,"124",0
"1532",7,"125",0
"1533",7,"126",0
"1534",7,"127",0
"1535",7,"128",0
"1536",7,"129",0
"1537",7,"13",0
"1538",7,"130",0
"1539",7,"131",0
"1540",7,"132",0
"1541",7,"133",0
"1542",7,"134",0
"1543",7,"135",0
"1544",7,"136",0
"1545",7,"137",0
"1546",7,"138",0
"1547",7,"139",0
"1548",7,"14",0
"1549",7,"140",0
"1550",7,"141",0
"1551",7,"142",0
"1552",7,"143",0
"1553",7,"144",0
"1554",7,"145",0
"1555",7,"146",0
"1556",7,"147",0
"1557",7,"148",0
"1558",7,"149",0
"1559",7,"15",0
"1560",7,"150",0
"1561",7,"151",0
"1562",7,"152",0
"1563",7,"153",0
"1564",7,"154",0
"1565",7,"155",0
"1566",7,"156",1
"1567",7,"157",1
"1568",7,"158",1
"1569",7,"159",0
"1570",7,"16",0
"1571",7,"160",0
"1572",7,"161",0
"1573",7,"162",0
"1574",7,"163",0
"1575",7,"17",1
"1576",7,"18",0
"1577",7,"19",1
"1578",7,"2",0
"1579",7,"20",1
"1580",7,"21",1
"1581",7,"22",1
"1582",7,"23",1
"1583",7,"24",1
"1584",7,"25",1
"1585",7,"26",1
"1586",7,"27",1
"1587",7,"28",1
"1588",7,"29",0
"1589",7,"3",0
"1590",7,"30",0
"1591",7,"31",0
"1592",7,"32",0
"1593",7,"33",0
"1594",7,"34",0
"1595",7,"35",0
"1596",7,"36",0
"1597",7,"37",0
"1598",7,"38",0
"1599",7,"39",0
"1600",7,"4",0
"1601",7,"40",0
"1602",7,"41",1
"1603",7,"42",1
"1604",7,"43",1
"1605",7,"44",1
"1606",7,"45",1
"1607",7,"46",1
"1608",7,"47",1
"1609",7,"48",1
"1610",7,"49",1
"1611",7,"5",0
"1612",7,"50",1
"1613",7,"51",1
"1614",7,"52",0
"1615",7,"53",0
"1616",7,"54",0
"1617",7,"55",0
"1618",7,"56",0
"1619",7,"57",0
"1620",7,"58",0
"1621",7,"59",0
"1622",7,"6",0
"1623",7,"60",1
"1624",7,"61",1
"1625",7,"62",1
"1626",7,"63",1
"1627",7,"64",1
"1628",7,"65",1
"1629",7,"66",1
"1630",7,"67",1
"1631",7,"68",1
"1632",7,"69",1
"1633",7,"7",0
"1634",7,"70",0
"1635",7,"71",0
"1636",7,"72",0
"1637",7,"73",0
"1638",7,"74",0
"1639",7,"75",0
"1640",7,"76",0
"1641",7,"77",0
"1642",7,"78",0
"1643",7,"79",0
"1644",7,"8",0
"1645",7,"80",0
"1646",7,"81",0
"1647",7,"82",0
"1648",7,"83",0
"1649",7,"84",0
"1650",7,"85",0
"1651",7,"86",0
"1652",7,"87",0
"1653",7,"88",0
"1654",7,"89",0
"1655",7,"9",0
"1656",7,"90",0
"1657",7,"91",0
"1658",7,"92",0
"1659",7,"93",0
"1660",7,"94",0
"1661",7,"95",1
"1662",7,"96",1
"1663",7,"97",1
"1664",7,"98",1
"1665",7,"99",1
"1666",8,"1",0
"1667",8,"10",0
"1668",8,"100",0
"1669",8,"101",0
"1670",8,"102",0
"1671",8,"103",1
"1672",8,"104",1
"1673",8,"105",0
"1674",8,"106",0
"1675",8,"107",0
"1676",8,"108",0
"1677",8,"109",0
"1678",8,"11",0
"1679",8,"110",0
"1680",8,"111",0
"1681",8,"112",1
"1682",8,"113",0
"1683",8,"114",0
"1684",8,"115",0
"1685",8,"116",0
"1686",8,"117",0
"1687",8,"118",0
"1688",8,"119",0
"1689",8,"12",0
"1690",8,"120",0
"1691",8,"121",0
"1692",8,"122",0
"1693",8,"123",0
"1694",8,"124",0
"1695",8,"125",0
"1696",8,"126",0
"1697",8,"127",0
"1698",8,"128",0
"1699",8,"129",0
"1700",8,"13",0
"1701",8,"130",0
"1702",8,"131",0
"1703",8,"132",0
"1704",8,"133",0
"1705",8,"134",0
"1706",8,"135",0
"1707",8,"136",0
"1708",8,"137",0
"1709",8,"138",0
"1710",8,"139",1
"1711",8,"14",0
"1712",8,"140",0
"1713",8,"141",0
"1714",8,"142",0
"1715",8,"143",0
"1716",8,"144",0
"1717",8,"145",0
"1718",8,"146",1
"1719",8,"147",1
"1720",8,"148",0
"1721",8,"149",0
"1722",8,"15",1
"1723",8,"150",0
"1724",8,"151",0
"1725",8,"152",0
"1726",8,"153",1
"1727",8,"154",1
"1728",8,"155",1
"1729",8,"156",1
"1730",8,"157",1
"1731",8,"158",1
"1732",8,"159",1
"1733",8,"16",0
"1734",8,"160",1
"1735",8,"161",1
"1736",8,"162",1
"1737",8,"163",1
"1738",8,"164",1
"1739",8,"165",1
"1740",8,"166",0
"1741",8,"167",0
"1742",8,"168",1
"1743",8,"169",1
"1744",8,"17",0
"1745",8,"18",0
"1746",8,"19",0
"1747",8,"2",0
"1748",8,"20",0
"1749",8,"21",0
"1750",8,"22",0
"1751",8,"23",1
"1752",8,"24",1
"1753",8,"25",0
"1754",8,"26",0
"1755",8,"27",0
"1756",8,"28",0
"1757",8,"29",0
"1758",8,"3",0
"1759",8,"30",0
"1760",8,"31",0
"1761",8,"32",0
"1762",8,"33",0
"1763",8,"34",0
"1764",8,"35",0
"1765",8,"36",0
"1766",8,"37",0
"1767",8,"38",1
"1768",8,"39",0
"1769",8,"4",1
"1770",8,"40",0
"1771",8,"41",0
"1772",8,"42",0
"1773",8,"43",0
"1774",8,"44",0
"1775",8,"45",1
"1776",8,"46",1
"1777",8,"47",1
"1778",8,"48",1
"1779",8,"49",1
"1780",8,"5",0
"1781",8,"50",1
"1782",8,"51",1
"1783",8,"52",1
"1784",8,"53",1
"1785",8,"54",1
"1786",8,"55",1
"1787",8,"56",1
"1788",8,"57",1
"1789",8,"58",1
"1790",8,"59",1
"1791",8,"6",0
"1792",8,"60",1
"1793",8,"61",0
"1794",8,"62",0
"1795",8,"63",0
"1796",8,"64",0
"1797",8,"65",0
"1798",8,"66",0
"1799",8,"67",0
"1800",8,"68",1
"1801",8,"69",1
"1802",8,"7",1
"1803",8,"70",1
"1804",8,"71",1
"1805",8,"72",1
"1806",8,"73",1
"1807",8,"74",1
"1808",8,"75",1
"1809",8,"76",1
"1810",8,"77",1
"1811",8,"78",1
"1812",8,"79",0
"1813",8,"8",0
"1814",8,"80",0
"1815",8,"81",0
"1816",8,"82",1
"1817",8,"83",1
"1818",8,"84",1
"1819",8,"85",1
"1820",8,"86",1
"1821",8,"87",1
"1822",8,"88",1
"1823",8,"89",1
"1824",8,"9",0
"1825",8,"90",1
"1826",8,"91",0
"1827",8,"92",0
"1828",8,"93",0
"1829",8,"94",0
"1830",8,"95",0
"1831",8,"96",0
"1832",8,"97",0
"1833",8,"98",0
"1834",8,"99",0
"1835",9,"1",0
"1836",9,"10",0
"1837",9,"100",1
"1838",9,"101",1
"1839",9,"102",1
"1840",9,"103",1
"1841",9,"104",1
"1842",9,"105",1
"1843",9,"106",1
"1844",9,"107",1
"1845",9,"108",1
"1846",9,"109",1
"1847",9,"11",0
"1848",9,"110",0
"1849",9,"111",0
"1850",9,"112",0
"1851",9,"113",0
"1852",9,"114",0
"1853",9,"115",0
"1854",9,"116",0
"1855",9,"117",0
"1856",9,"118",0
"1857",9,"119",0
"1858",9,"12",0
"1859",9,"120",1
"1860",9,"121",1
"1861",9,"122",1
"1862",9,"123",1
"1863",9,"124",1
"1864",9,"125",1
"1865",9,"126",1
"1866",9,"127",1
"1867",9,"128",1
"1868",9,"129",1
"1869",9,"13",0
"1870",9,"130",1
"1871",9,"131",1
"1872",9,"132",1
"1873",9,"133",1
"1874",9,"134",1
"1875",9,"135",1
"1876",9,"136",1
"1877",9,"137",1
"1878",9,"138",1
"1879",9,"139",1
"1880",9,"14",0
"1881",9,"140",1
"1882",9,"141",1
"1883",9,"142",1
"1884",9,"143",0
"1885",9,"144",0
"1886",9,"145",0
"1887",9,"146",0
"1888",9,"147",0
"1889",9,"148",0
"1890",9,"149",0
"1891",9,"15",0
"1892",9,"150",0
"1893",9,"151",0
"1894",9,"152",0
"1895",9,"153",0
"1896",9,"154",0
"1897",9,"155",1
"1898",9,"156",0
"1899",9,"157",0
"1900",9,"158",1
"1901",9,"159",1
"1902",9,"16",0
"1903",9,"160",0
"1904",9,"161",1
"1905",9,"162",1
"1906",9,"163",1
"1907",9,"164",1
"1908",9,"165",1
"1909",9,"166",1
"1910",9,"167",1
"1911",9,"168",1
"1912",9,"169",1
"1913",9,"17",0
"1914",9,"170",1
"1915",9,"171",1
"1916",9,"172",1
"1917",9,"173",1
"1918",9,"174",1
"1919",9,"175",0
"1920",9,"176",0
"1921",9,"177",0
"1922",9,"178",0
"1923",9,"179",0
"1924",9,"18",0
"1925",9,"180",0
"1926",9,"181",0
"1927",9,"182",0
"1928",9,"183",0
"1929",9,"184",0
"1930",9,"185",0
"1931",9,"186",0
"1932",9,"187",0
"1933",9,"188",0
"1934",9,"189",0
"1935",9,"19",0
"1936",9,"190",0
"1937",9,"191",0
"1938",9,"192",0
"1939",9,"193",1
"1940",9,"194",1
"1941",9,"195",0
"1942",9,"196",0
"1943",9,"197",0
"1944",9,"198",0
"1945",9,"199",0
"1946",9,"2",0
"1947",9,"20",0
"1948",9,"200",0
"1949",9,"201",0
"1950",9,"202",0
"1951",9,"203",0
"1952",9,"204",0
"1953",9,"205",0
"1954",9,"206",0
"1955",9,"207",0
"1956",9,"208",0
"1957",9,"209",0
"1958",9,"21",0
"1959",9,"210",0
"1960",9,"211",0
"1961",9,"212",0
"1962",9,"22",0
"1963",9,"23",0
"1964",9,"24",0
"1965",9,"25",0
"1966",9,"26",0
"1967",9,"27",0
"1968",9,"28",0
"1969",9,"29",0
"1970",9,"3",0
"1971",9,"30",0
"1972",9,"31",0
"1973",9,"32",0
"1974",9,"33",0
"1975",9,"34",0
"1976",9,"35",0
"1977",9,"36",1
"1978",9,"37",1
"1979",9,"38",1
"1980",9,"39",1
"1981",9,"4",0
"1982",9,"40",1
"1983",9,"41",1
"1984",9,"42",1
"1985",9,"43",1
"1986",9,"44",1
"1987",9,"45",0
"1988",9,"46",0
"1989",9,"47",0
"1990",9,"48",0
"1991",9,"49",0
"1992",9,"5",0
"1993",9,"50",0
"1994",9,"51",0
"1995",9,"52",1
"1996",9,"53",1
"1997",9,"54",1
"1998",9,"55",1
"1999",9,"56",1
"2000",9,"57",1
"2001",9,"58",1
"2002",9,"59",1
"2003",9,"6",0
"2004",9,"60",1
"2005",9,"61",1
"2006",9,"62",1
"2007",9,"63",1
"2008",9,"64",0
"2009",9,"65",0
"2010",9,"66",0
"2011",9,"67",0
"2012",9,"68",0
"2013",9,"69",0
"2014",9,"7",0
"2015",9,"70",0
"2016",9,"71",0
"2017",9,"72",0
"2018",9,"73",0
"2019",9,"74",0
"2020",9,"75",0
"2021",9,"76",0
"2022",9,"77",0
"2023",9,"78",0
"2024",9,"79",0
"2025",9,"8",0
"2026",9,"80",0
"2027",9,"81",0
"2028",9,"82",0
"2029",9,"83",0
"2030",9,"84",0
"2031",9,"85",0
"2032",9,"86",0
"2033",9,"87",1
"2034",9,"88",1
"2035",9,"89",1
"2036",9,"9",0
"2037",9,"90",1
"2038",9,"91",1
"2039",9,"92",1
"2040",9,"93",1
"2041",9,"94",1
"2042",9,"95",1
"2043",9,"96",1
"2044",9,"97",1
"2045",9,"98",1
"2046",9,"99",1
"2047",10,"1",0
"2048",10,"10",0
"2049",10,"11",0
"2050",10,"12",0
"2051",10,"13",0
"2052",10,"14",0
"2053",10,"15",0
"2054",10,"16",0
"2055",10,"17",0
"2056",10,"18",0
"2057",10,"19",0
"2058",10,"2",0
"2059",10,"20",0
"2060",10,"21",0
"2061",10,"22",0
"2062",10,"23",0
"2063",10,"24",0
"2064",10,"25",0
"2065",10,"26",0
"2066",10,"27",0
"2067",10,"28",0
"2068",10,"29",0
"2069",10,"3",0
"2070",10,"30",0
"2071",10,"31",0
"2072",10,"32",0
"2073",10,"33",0
"2074",10,"34",0
"2075",10,"35",0
"2076",10,"36",0
"2077",10,"37",0
"2078",10,"38",0
"2079",10,"39",0
"2080",10,"4",0
"2081",10,"40",0
"2082",10,"41",0
"2083",10,"42",1
"2084",10,"43",1
"2085",10,"44",0
"2086",10,"45",1
"2087",10,"46",1
"2088",10,"47",1
"2089",10,"48",1
"2090",10,"49",1
"2091",10,"5",0
"2092",10,"50",1
"2093",10,"51",1
"2094",10,"52",1
"2095",10,"53",1
"2096",10,"54",1
"2097",10,"55",1
"2098",10,"56",0
"2099",10,"57",0
"2100",10,"58",0
"2101",10,"59",0
"2102",10,"6",NA
"2103",10,"60",0
"2104",10,"61",1
"2105",10,"62",1
"2106",10,"63",1
"2107",10,"64",1
"2108",10,"65",0
"2109",10,"66",0
"2110",10,"67",0
"2111",10,"68",0
"2112",10,"69",0
"2113",10,"7",0
"2114",10,"70",0
"2115",10,"71",0
"2116",10,"72",0
"2117",10,"73",1
"2118",10,"74",1
"2119",10,"75",1
"2120",10,"76",1
"2121",10,"77",1
"2122",10,"78",1
"2123",10,"79",1
"2124",10,"8",0
"2125",10,"80",1
"2126",10,"81",1
"2127",10,"82",0
"2128",10,"83",0
"2129",10,"84",0
"2130",10,"85",0
"2131",10,"86",0
"2132",10,"87",0
"2133",10,"88",0
"2134",10,"89",1
"2135",10,"9",0
"2136",11,"1",0
"2137",11,"10",0
"2138",11,"100",0
"2139",11,"101",0
"2140",11,"102",0
"2141",11,"103",0
"2142",11,"104",1
"2143",11,"105",1
"2144",11,"106",1
"2145",11,"107",1
"2146",11,"108",1
"2147",11,"109",1
"2148",11,"11",0
"2149",11,"110",1
"2150",11,"111",1
"2151",11,"112",1
"2152",11,"113",1
"2153",11,"114",1
"2154",11,"115",1
"2155",11,"116",1
"2156",11,"117",1
"2157",11,"118",1
"2158",11,"119",0
"2159",11,"12",0
"2160",11,"120",0
"2161",11,"121",0
"2162",11,"122",0
"2163",11,"123",0
"2164",11,"124",0
"2165",11,"125",0
"2166",11,"126",0
"2167",11,"127",0
"2168",11,"128",0
"2169",11,"129",0
"2170",11,"13",0
"2171",11,"130",0
"2172",11,"131",0
"2173",11,"132",0
"2174",11,"133",0
"2175",11,"134",0
"2176",11,"135",0
"2177",11,"136",0
"2178",11,"137",0
"2179",11,"138",0
"2180",11,"139",0
"2181",11,"14",0
"2182",11,"140",0
"2183",11,"141",0
"2184",11,"142",0
"2185",11,"143",0
"2186",11,"144",0
"2187",11,"145",0
"2188",11,"146",1
"2189",11,"147",1
"2190",11,"148",0
"2191",11,"149",0
"2192",11,"15",1
"2193",11,"150",0
"2194",11,"151",0
"2195",11,"152",0
"2196",11,"153",0
"2197",11,"154",0
"2198",11,"155",0
"2199",11,"156",0
"2200",11,"157",0
"2201",11,"158",0
"2202",11,"159",0
"2203",11,"16",0
"2204",11,"160",0
"2205",11,"161",0
"2206",11,"162",0
"2207",11,"163",0
"2208",11,"164",0
"2209",11,"165",0
"2210",11,"166",0
"2211",11,"167",0
"2212",11,"168",0
"2213",11,"169",0
"2214",11,"17",0
"2215",11,"170",0
"2216",11,"171",0
"2217",11,"172",0
"2218",11,"173",0
"2219",11,"174",0
"2220",11,"175",0
"2221",11,"176",0
"2222",11,"177",0
"2223",11,"178",1
"2224",11,"179",0
"2225",11,"18",0
"2226",11,"180",NA
"2227",11,"19",0
"2228",11,"2",0
"2229",11,"20",0
"2230",11,"21",0
"2231",11,"22",0
"2232",11,"23",0
"2233",11,"24",0
"2234",11,"25",0
"2235",11,"26",0
"2236",11,"27",1
"2237",11,"28",1
"2238",11,"29",1
"2239",11,"3",0
"2240",11,"30",1
"2241",11,"31",1
"2242",11,"32",1
"2243",11,"33",1
"2244",11,"34",1
"2245",11,"35",1
"2246",11,"36",1
"2247",11,"37",1
"2248",11,"38",0
"2249",11,"39",0
"2250",11,"4",0
"2251",11,"40",0
"2252",11,"41",0
"2253",11,"42",0
"2254",11,"43",0
"2255",11,"44",0
"2256",11,"45",0
"2257",11,"46",0
"2258",11,"47",0
"2259",11,"48",0
"2260",11,"49",0
"2261",11,"5",0
"2262",11,"50",1
"2263",11,"51",1
"2264",11,"52",1
"2265",11,"53",1
"2266",11,"54",1
"2267",11,"55",1
"2268",11,"56",1
"2269",11,"57",1
"2270",11,"58",1
"2271",11,"59",1
"2272",11,"6",0
"2273",11,"60",1
"2274",11,"61",1
"2275",11,"62",1
"2276",11,"63",1
"2277",11,"64",1
"2278",11,"65",0
"2279",11,"66",0
"2280",11,"67",0
"2281",11,"68",0
"2282",11,"69",0
"2283",11,"7",0
"2284",11,"70",0
"2285",11,"71",0
"2286",11,"72",0
"2287",11,"73",0
"2288",11,"74",0
"2289",11,"75",1
"2290",11,"76",1
"2291",11,"77",1
"2292",11,"78",1
"2293",11,"79",1
"2294",11,"8",0
"2295",11,"80",1
"2296",11,"81",1
"2297",11,"82",0
"2298",11,"83",0
"2299",11,"84",0
"2300",11,"85",1
"2301",11,"86",1
"2302",11,"87",1
"2303",11,"88",1
"2304",11,"89",1
"2305",11,"9",0
"2306",11,"90",1
"2307",11,"91",0
"2308",11,"92",1
"2309",11,"93",1
"2310",11,"94",1
"2311",11,"95",1
"2312",11,"96",1
"2313",11,"97",1
"2314",11,"98",0
"2315",11,"99",0
"2316",12,"1",0
"2317",12,"10",0
"2318",12,"100",0
"2319",12,"101",0
"2320",12,"102",0
"2321",12,"103",0
"2322",12,"104",0
"2323",12,"105",0
"2324",12,"106",0
"2325",12,"107",0
"2326",12,"108",0
"2327",12,"109",0
"2328",12,"11",0
"2329",12,"110",0
"2330",12,"111",0
"2331",12,"112",0
"2332",12,"113",0
"2333",12,"114",0
"2334",12,"115",0
"2335",12,"116",0
"2336",12,"117",0
"2337",12,"118",0
"2338",12,"119",0
"2339",12,"12",0
"2340",12,"120",0
"2341",12,"121",1
"2342",12,"122",0
"2343",12,"123",0
"2344",12,"124",0
"2345",12,"125",0
"2346",12,"126",0
"2347",12,"127",1
"2348",12,"128",0
"2349",12,"129",0
"2350",12,"13",0
"2351",12,"130",0
"2352",12,"131",0
"2353",12,"132",0
"2354",12,"133",0
"2355",12,"134",0
"2356",12,"135",0
"2357",12,"136",0
"2358",12,"137",0
"2359",12,"138",0
"2360",12,"139",0
"2361",12,"14",0
"2362",12,"140",0
"2363",12,"141",0
"2364",12,"142",0
"2365",12,"143",0
"2366",12,"144",0
"2367",12,"145",0
"2368",12,"146",0
"2369",12,"147",0
"2370",12,"148",1
"2371",12,"149",1
"2372",12,"15",0
"2373",12,"150",0
"2374",12,"151",1
"2375",12,"152",0
"2376",12,"153",0
"2377",12,"154",0
"2378",12,"155",0
"2379",12,"156",1
"2380",12,"157",0
"2381",12,"158",1
"2382",12,"159",1
"2383",12,"16",0
"2384",12,"17",0
"2385",12,"18",0
"2386",12,"19",0
"2387",12,"2",0
"2388",12,"20",0
"2389",12,"21",0
"2390",12,"22",0
"2391",12,"23",0
"2392",12,"24",0
"2393",12,"25",0
"2394",12,"26",0
"2395",12,"27",0
"2396",12,"28",0
"2397",12,"29",0
"2398",12,"3",0
"2399",12,"30",0
"2400",12,"31",0
"2401",12,"32",1
"2402",12,"33",1
"2403",12,"34",1
"2404",12,"35",1
"2405",12,"36",1
"2406",12,"37",1
"2407",12,"38",1
"2408",12,"39",1
"2409",12,"4",0
"2410",12,"40",1
"2411",12,"41",1
"2412",12,"42",1
"2413",12,"43",1
"2414",12,"44",1
"2415",12,"45",1
"2416",12,"46",1
"2417",12,"47",1
"2418",12,"48",1
"2419",12,"49",1
"2420",12,"5",0
"2421",12,"50",0
"2422",12,"51",1
"2423",12,"52",1
"2424",12,"53",1
"2425",12,"54",1
"2426",12,"55",1
"2427",12,"56",1
"2428",12,"57",1
"2429",12,"58",1
"2430",12,"59",1
"2431",12,"6",0
"2432",12,"60",1
"2433",12,"61",1
"2434",12,"62",1
"2435",12,"63",1
"2436",12,"64",1
"2437",12,"65",1
"2438",12,"66",1
"2439",12,"67",1
"2440",12,"68",1
"2441",12,"69",1
"2442",12,"7",0
"2443",12,"70",1
"2444",12,"71",1
"2445",12,"72",0
"2446",12,"73",0
"2447",12,"74",0
"2448",12,"75",0
"2449",12,"76",0
"2450",12,"77",0
"2451",12,"78",0
"2452",12,"79",0
"2453",12,"8",0
"2454",12,"80",0
"2455",12,"81",0
"2456",12,"82",1
"2457",12,"83",1
"2458",12,"84",1
"2459",12,"85",1
"2460",12,"86",1
"2461",12,"87",1
"2462",12,"88",1
"2463",12,"89",1
"2464",12,"9",0
"2465",12,"90",1
"2466",12,"91",1
"2467",12,"92",1
"2468",12,"93",1
"2469",12,"94",1
"2470",12,"95",1
"2471",12,"96",1
"2472",12,"97",1
"2473",12,"98",1
"2474",12,"99",0
"2475",13,"1",0
"2476",13,"10",0
"2477",13,"100",1
"2478",13,"101",1
"2479",13,"102",0
"2480",13,"103",0
"2481",13,"104",1
"2482",13,"105",1
"2483",13,"106",1
"2484",13,"107",0
"2485",13,"108",0
"2486",13,"109",1
"2487",13,"11",0
"2488",13,"110",0
"2489",13,"111",0
"2490",13,"112",0
"2491",13,"113",0
"2492",13,"114",0
"2493",13,"115",0
"2494",13,"116",0
"2495",13,"117",0
"2496",13,"118",0
"2497",13,"119",0
"2498",13,"12",0
"2499",13,"120",0
"2500",13,"121",0
"2501",13,"122",0
"2502",13,"123",0
"2503",13,"124",0
"2504",13,"125",0
"2505",13,"126",0
"2506",13,"127",0
"2507",13,"128",0
"2508",13,"129",0
"2509",13,"13",0
"2510",13,"130",0
"2511",13,"131",0
"2512",13,"132",0
"2513",13,"133",0
"2514",13,"134",0
"2515",13,"135",0
"2516",13,"136",0
"2517",13,"137",0
"2518",13,"138",0
"2519",13,"139",0
"2520",13,"14",0
"2521",13,"140",0
"2522",13,"141",1
"2523",13,"142",1
"2524",13,"143",0
"2525",13,"144",0
"2526",13,"145",0
"2527",13,"146",1
"2528",13,"147",1
"2529",13,"148",1
"2530",13,"149",1
"2531",13,"15",0
"2532",13,"150",1
"2533",13,"151",1
"2534",13,"152",1
"2535",13,"153",1
"2536",13,"154",1
"2537",13,"155",1
"2538",13,"156",1
"2539",13,"157",1
"2540",13,"158",1
"2541",13,"159",0
"2542",13,"16",0
"2543",13,"160",0
"2544",13,"161",0
"2545",13,"162",0
"2546",13,"163",0
"2547",13,"164",0
"2548",13,"165",0
"2549",13,"166",1
"2550",13,"167",1
"2551",13,"168",1
"2552",13,"169",1
"2553",13,"17",0
"2554",13,"170",1
"2555",13,"171",1
"2556",13,"172",1
"2557",13,"173",1
"2558",13,"174",1
"2559",13,"175",1
"2560",13,"176",1
"2561",13,"177",1
"2562",13,"178",1
"2563",13,"179",1
"2564",13,"18",0
"2565",13,"180",0
"2566",13,"181",0
"2567",13,"182",0
"2568",13,"183",0
"2569",13,"184",0
"2570",13,"185",0
"2571",13,"186",0
"2572",13,"187",1
"2573",13,"188",0
"2574",13,"189",0
"2575",13,"19",0
"2576",13,"190",0
"2577",13,"191",0
"2578",13,"192",0
"2579",13,"193",0
"2580",13,"194",0
"2581",13,"195",0
"2582",13,"196",0
"2583",13,"197",0
"2584",13,"198",0
"2585",13,"199",0
"2586",13,"2",0
"2587",13,"20",1
"2588",13,"200",0
"2589",13,"201",0
"2590",13,"202",1
"2591",13,"203",1
"2592",13,"204",0
"2593",13,"21",0
"2594",13,"22",0
"2595",13,"23",0
"2596",13,"24",0
"2597",13,"25",0
"2598",13,"26",0
"2599",13,"27",0
"2600",13,"28",0
"2601",13,"29",0
"2602",13,"3",0
"2603",13,"30",0
"2604",13,"31",0
"2605",13,"32",0
"2606",13,"33",0
"2607",13,"34",0
"2608",13,"35",0
"2609",13,"36",0
"2610",13,"37",0
"2611",13,"38",0
"2612",13,"39",0
"2613",13,"4",0
"2614",13,"40",0
"2615",13,"41",0
"2616",13,"42",0
"2617",13,"43",1
"2618",13,"44",0
"2619",13,"45",0
"2620",13,"46",0
"2621",13,"47",0
"2622",13,"48",0
"2623",13,"49",1
"2624",13,"5",0
"2625",13,"50",0
"2626",13,"51",1
"2627",13,"52",1
"2628",13,"53",1
"2629",13,"54",1
"2630",13,"55",1
"2631",13,"56",1
"2632",13,"57",1
"2633",13,"58",1
"2634",13,"59",1
"2635",13,"6",0
"2636",13,"60",1
"2637",13,"61",1
"2638",13,"62",1
"2639",13,"63",1
"2640",13,"64",1
"2641",13,"65",1
"2642",13,"66",1
"2643",13,"67",1
"2644",13,"68",1
"2645",13,"69",1
"2646",13,"7",0
"2647",13,"70",1
"2648",13,"71",0
"2649",13,"72",0
"2650",13,"73",0
"2651",13,"74",0
"2652",13,"75",0
"2653",13,"76",1
"2654",13,"77",1
"2655",13,"78",1
"2656",13,"79",1
"2657",13,"8",0
"2658",13,"80",1
"2659",13,"81",1
"2660",13,"82",1
"2661",13,"83",0
"2662",13,"84",0
"2663",13,"85",0
"2664",13,"86",0
"2665",13,"87",0
"2666",13,"88",0
"2667",13,"89",0
"2668",13,"9",0
"2669",13,"90",0
"2670",13,"91",0
"2671",13,"92",0
"2672",13,"93",0
"2673",13,"94",0
"2674",13,"95",0
"2675",13,"96",1
"2676",13,"97",1
"2677",13,"98",1
"2678",13,"99",1
"2679",14,"1",0
"2680",14,"10",0
"2681",14,"100",0
"2682",14,"101",0
"2683",14,"102",0
"2684",14,"103",0
"2685",14,"104",0
"2686",14,"105",0
"2687",14,"106",0
"2688",14,"107",1
"2689",14,"108",1
"2690",14,"109",1
"2691",14,"11",0
"2692",14,"110",1
"2693",14,"111",1
"2694",14,"112",1
"2695",14,"113",1
"2696",14,"114",0
"2697",14,"115",0
"2698",14,"116",0
"2699",14,"117",0
"2700",14,"118",0
"2701",14,"119",0
"2702",14,"12",0
"2703",14,"120",0
"2704",14,"121",0
"2705",14,"122",0
"2706",14,"123",0
"2707",14,"124",0
"2708",14,"125",0
"2709",14,"126",0
"2710",14,"127",0
"2711",14,"128",0
"2712",14,"129",0
"2713",14,"13",0
"2714",14,"130",0
"2715",14,"131",0
"2716",14,"132",0
"2717",14,"133",0
"2718",14,"134",0
"2719",14,"135",0
"2720",14,"136",1
"2721",14,"137",0
"2722",14,"138",0
"2723",14,"139",0
"2724",14,"14",0
"2725",14,"140",0
"2726",14,"141",0
"2727",14,"142",0
"2728",14,"143",0
"2729",14,"144",0
"2730",14,"145",0
"2731",14,"146",0
"2732",14,"147",0
"2733",14,"148",0
"2734",14,"149",0
"2735",14,"15",0
"2736",14,"150",0
"2737",14,"151",0
"2738",14,"152",0
"2739",14,"153",0
"2740",14,"154",0
"2741",14,"155",0
"2742",14,"156",0
"2743",14,"157",0
"2744",14,"158",0
"2745",14,"159",0
"2746",14,"16",0
"2747",14,"160",0
"2748",14,"161",0
"2749",14,"162",0
"2750",14,"163",0
"2751",14,"164",0
"2752",14,"165",0
"2753",14,"166",0
"2754",14,"167",0
"2755",14,"168",0
"2756",14,"169",0
"2757",14,"17",0
"2758",14,"170",1
"2759",14,"171",1
"2760",14,"172",0
"2761",14,"173",0
"2762",14,"18",0
"2763",14,"19",0
"2764",14,"2",0
"2765",14,"20",0
"2766",14,"21",0
"2767",14,"22",0
"2768",14,"23",0
"2769",14,"24",0
"2770",14,"25",0
"2771",14,"26",0
"2772",14,"27",0
"2773",14,"28",0
"2774",14,"29",0
"2775",14,"3",0
"2776",14,"30",0
"2777",14,"31",0
"2778",14,"32",0
"2779",14,"33",0
"2780",14,"34",0
"2781",14,"35",0
"2782",14,"36",0
"2783",14,"37",0
"2784",14,"38",0
"2785",14,"39",1
"2786",14,"4",0
"2787",14,"40",0
"2788",14,"41",1
"2789",14,"42",1
"2790",14,"43",1
"2791",14,"45",0
"2792",14,"46",0
"2793",14,"47",1
"2794",14,"48",1
"2795",14,"49",0
"2796",14,"5",0
"2797",14,"50",0
"2798",14,"51",0
"2799",14,"52",1
"2800",14,"53",1
"2801",14,"54",1
"2802",14,"55",1
"2803",14,"56",1
"2804",14,"57",0
"2805",14,"58",0
"2806",14,"59",1
"2807",14,"6",0
"2808",14,"60",1
"2809",14,"61",1
"2810",14,"62",1
"2811",14,"63",1
"2812",14,"64",1
"2813",14,"65",1
"2814",14,"66",1
"2815",14,"67",1
"2816",14,"68",1
"2817",14,"69",1
"2818",14,"7",0
"2819",14,"70",0
"2820",14,"71",0
"2821",14,"72",0
"2822",14,"73",0
"2823",14,"74",0
"2824",14,"75",0
"2825",14,"76",0
"2826",14,"77",0
"2827",14,"78",0
"2828",14,"79",0
"2829",14,"8",0
"2830",14,"80",0
"2831",14,"81",0
"2832",14,"82",0
"2833",14,"83",1
"2834",14,"84",1
"2835",14,"85",1
"2836",14,"86",1
"2837",14,"87",1
"2838",14,"88",1
"2839",14,"89",1
"2840",14,"9",0
"2841",14,"90",1
"2842",14,"91",1
"2843",14,"92",1
"2844",14,"93",1
"2845",14,"94",0
"2846",14,"95",0
"2847",14,"96",0
"2848",14,"97",0
"2849",14,"98",0
"2850",14,"99",0
"2851",15,"1",0
"2852",15,"10",0
"2853",15,"100",0
"2854",15,"101",0
"2855",15,"102",0
"2856",15,"103",0
"2857",15,"104",0
"2858",15,"105",0
"2859",15,"106",0
"2860",15,"107",0
"2861",15,"108",0
"2862",15,"109",0
"2863",15,"11",0
"2864",15,"110",0
"2865",15,"111",0
"2866",15,"112",0
"2867",15,"113",0
"2868",15,"114",0
"2869",15,"115",0
"2870",15,"116",0
"2871",15,"117",0
"2872",15,"118",0
"2873",15,"119",0
"2874",15,"12",0
"2875",15,"120",0
"2876",15,"121",0
"2877",15,"122",0
"2878",15,"123",0
"2879",15,"124",0
"2880",15,"125",0
"2881",15,"126",0
"2882",15,"127",0
"2883",15,"128",0
"2884",15,"129",0
"2885",15,"13",0
"2886",15,"130",0
"2887",15,"131",0
"2888",15,"132",0
"2889",15,"133",0
"2890",15,"134",0
"2891",15,"135",0
"2892",15,"136",0
"2893",15,"137",0
"2894",15,"138",0
"2895",15,"139",0
"2896",15,"14",0
"2897",15,"140",0
"2898",15,"141",0
"2899",15,"142",0
"2900",15,"143",0
"2901",15,"144",0
"2902",15,"145",1
"2903",15,"146",1
"2904",15,"147",1
"2905",15,"148",1
"2906",15,"149",1
"2907",15,"15",0
"2908",15,"150",1
"2909",15,"151",0
"2910",15,"152",1
"2911",15,"153",1
"2912",15,"154",1
"2913",15,"155",1
"2914",15,"156",1
"2915",15,"157",1
"2916",15,"158",1
"2917",15,"159",1
"2918",15,"16",0
"2919",15,"160",1
"2920",15,"161",1
"2921",15,"162",1
"2922",15,"163",1
"2923",15,"164",1
"2924",15,"165",1
"2925",15,"166",1
"2926",15,"167",1
"2927",15,"168",1
"2928",15,"169",1
"2929",15,"17",0
"2930",15,"170",1
"2931",15,"171",1
"2932",15,"172",1
"2933",15,"173",1
"2934",15,"174",1
"2935",15,"175",1
"2936",15,"176",1
"2937",15,"177",1
"2938",15,"178",1
"2939",15,"179",1
"2940",15,"18",0
"2941",15,"180",1
"2942",15,"181",1
"2943",15,"182",0
"2944",15,"183",0
"2945",15,"184",0
"2946",15,"185",0
"2947",15,"186",0
"2948",15,"187",0
"2949",15,"188",1
"2950",15,"189",1
"2951",15,"19",0
"2952",15,"190",1
"2953",15,"191",1
"2954",15,"192",1
"2955",15,"193",1
"2956",15,"194",1
"2957",15,"195",1
"2958",15,"196",1
"2959",15,"197",1
"2960",15,"198",1
"2961",15,"199",1
"2962",15,"2",0
"2963",15,"20",0
"2964",15,"200",1
"2965",15,"201",1
"2966",15,"202",1
"2967",15,"203",1
"2968",15,"204",1
"2969",15,"205",0
"2970",15,"206",0
"2971",15,"207",0
"2972",15,"208",0
"2973",15,"209",0
"2974",15,"21",0
"2975",15,"210",0
"2976",15,"211",0
"2977",15,"212",0
"2978",15,"213",0
"2979",15,"214",0
"2980",15,"215",0
"2981",15,"216",0
"2982",15,"217",0
"2983",15,"218",0
"2984",15,"219",0
"2985",15,"22",0
"2986",15,"220",0
"2987",15,"221",0
"2988",15,"222",0
"2989",15,"223",0
"2990",15,"224",0
"2991",15,"225",0
"2992",15,"226",0
"2993",15,"227",1
"2994",15,"228",1
"2995",15,"229",0
"2996",15,"23",0
"2997",15,"230",0
"2998",15,"231",0
"2999",15,"232",0
"3000",15,"233",0
"3001",15,"234",0
"3002",15,"235",0
"3003",15,"236",0
"3004",15,"237",0
"3005",15,"238",0
"3006",15,"239",0
"3007",15,"24",0
"3008",15,"240",0
"3009",15,"241",0
"3010",15,"242",0
"3011",15,"243",0
"3012",15,"244",0
"3013",15,"245",0
"3014",15,"246",0
"3015",15,"247",0
"3016",15,"248",0
"3017",15,"249",0
"3018",15,"25",0
"3019",15,"250",0
"3020",15,"251",0
"3021",15,"252",0
"3022",15,"253",0
"3023",15,"254",0
"3024",15,"255",0
"3025",15,"256",0
"3026",15,"257",0
"3027",15,"258",0
"3028",15,"259",0
"3029",15,"26",0
"3030",15,"260",0
"3031",15,"261",0
"3032",15,"262",0
"3033",15,"263",0
"3034",15,"264",0
"3035",15,"265",1
"3036",15,"266",1
"3037",15,"267",1
"3038",15,"268",1
"3039",15,"27",0
"3040",15,"28",0
"3041",15,"29",0
"3042",15,"3",0
"3043",15,"30",0
"3044",15,"31",0
"3045",15,"32",0
"3046",15,"33",0
"3047",15,"34",0
"3048",15,"35",0
"3049",15,"36",0
"3050",15,"37",0
"3051",15,"38",0
"3052",15,"39",0
"3053",15,"4_5",0
"3054",15,"40",0
"3055",15,"41",0
"3056",15,"42",0
"3057",15,"43",0
"3058",15,"44",0
"3059",15,"45",1
"3060",15,"46",0
"3061",15,"47",1
"3062",15,"48",0
"3063",15,"49",0
"3064",15,"50",1
"3065",15,"51",0
"3066",15,"52",0
"3067",15,"53",1
"3068",15,"54",1
"3069",15,"55",1
"3070",15,"56",1
"3071",15,"57",1
"3072",15,"58",1
"3073",15,"59",1
"3074",15,"6",0
"3075",15,"60",1
"3076",15,"61",1
"3077",15,"62",1
"3078",15,"63",1
"3079",15,"64",1
"3080",15,"65",1
"3081",15,"66",1
"3082",15,"67",1
"3083",15,"68",1
"3084",15,"69",1
"3085",15,"7",0
"3086",15,"70",1
"3087",15,"71",1
"3088",15,"72",1
"3089",15,"73",0
"3090",15,"74",0
"3091",15,"75",0
"3092",15,"76",0
"3093",15,"77",0
"3094",15,"78",1
"3095",15,"79",1
"3096",15,"8",0
"3097",15,"80",1
"3098",15,"81",1
"3099",15,"82",1
"3100",15,"83",1
"3101",15,"84",1
"3102",15,"85",1
"3103",15,"86",1
"3104",15,"87",1
"3105",15,"88",1
"3106",15,"89",1
"3107",15,"9",0
"3108",15,"90",1
"3109",15,"91",1
"3110",15,"92",0
"3111",15,"93",0
"3112",15,"94",0
"3113",15,"95",0
"3114",15,"96",0
"3115",15,"97",0
"3116",15,"98",0
"3117",15,"99",0
"3118",16,"1",0
"3119",16,"10",0
"3120",16,"100",1
"3121",16,"101",0
"3122",16,"102",1
"3123",16,"103",0
"3124",16,"104",0
"3125",16,"105",0
"3126",16,"106",0
"3127",16,"107",0
"3128",16,"108",0
"3129",16,"109",0
"3130",16,"11",0
"3131",16,"110",0
"3132",16,"111",0
"3133",16,"112",0
"3134",16,"113",0
"3135",16,"114",0
"3136",16,"115",0
"3137",16,"116",0
"3138",16,"117",0
"3139",16,"118",1
"3140",16,"119",1
"3141",16,"12",0
"3142",16,"120",1
"3143",16,"121",1
"3144",16,"122",1
"3145",16,"123",1
"3146",16,"124",1
"3147",16,"125",1
"3148",16,"126",1
"3149",16,"127",1
"3150",16,"128",1
"3151",16,"129",1
"3152",16,"13",0
"3153",16,"130",1
"3154",16,"131",1
"3155",16,"132",1
"3156",16,"133",1
"3157",16,"134",1
"3158",16,"135",1
"3159",16,"136",1
"3160",16,"137",1
"3161",16,"138",1
"3162",16,"139",1
"3163",16,"14",0
"3164",16,"140",1
"3165",16,"141",1
"3166",16,"142",1
"3167",16,"143",1
"3168",16,"144",1
"3169",16,"145",1
"3170",16,"146",1
"3171",16,"147",1
"3172",16,"148",0
"3173",16,"149",0
"3174",16,"15",0
"3175",16,"150",0
"3176",16,"151",0
"3177",16,"152",0
"3178",16,"153",0
"3179",16,"154",0
"3180",16,"155",0
"3181",16,"156",0
"3182",16,"157",1
"3183",16,"158",1
"3184",16,"159",1
"3185",16,"16",0
"3186",16,"160",1
"3187",16,"161",1
"3188",16,"162",0
"3189",16,"163",0
"3190",16,"164",0
"3191",16,"165",0
"3192",16,"166",0
"3193",16,"167",0
"3194",16,"168",0
"3195",16,"169",0
"3196",16,"17",0
"3197",16,"170",0
"3198",16,"171",0
"3199",16,"172",0
"3200",16,"173",0
"3201",16,"174",0
"3202",16,"175",0
"3203",16,"176",0
"3204",16,"177",0
"3205",16,"178",0
"3206",16,"179",0
"3207",16,"18",0
"3208",16,"180",0
"3209",16,"181",1
"3210",16,"182",1
"3211",16,"183",1
"3212",16,"184",1
"3213",16,"185",0
"3214",16,"186",0
"3215",16,"187",0
"3216",16,"188",0
"3217",16,"189",0
"3218",16,"19",0
"3219",16,"190",0
"3220",16,"191",0
"3221",16,"192",0
"3222",16,"193",0
"3223",16,"194",0
"3224",16,"195",0
"3225",16,"196",0
"3226",16,"197",0
"3227",16,"198",0
"3228",16,"199",0
"3229",16,"2",0
"3230",16,"20",0
"3231",16,"200",0
"3232",16,"201",0
"3233",16,"202",0
"3234",16,"203",0
"3235",16,"204",0
"3236",16,"205",0
"3237",16,"206",0
"3238",16,"207",0
"3239",16,"208",0
"3240",16,"209",0
"3241",16,"21",0
"3242",16,"210",0
"3243",16,"211",0
"3244",16,"212",0
"3245",16,"213",0
"3246",16,"214",0
"3247",16,"215",0
"3248",16,"216",0
"3249",16,"217",1
"3250",16,"219",1
"3251",16,"22",0
"3252",16,"220",1
"3253",16,"221",1
"3254",16,"222",1
"3255",16,"223",1
"3256",16,"224",1
"3257",16,"225",1
"3258",16,"226",1
"3259",16,"227",1
"3260",16,"228",1
"3261",16,"229",1
"3262",16,"23",0
"3263",16,"230",1
"3264",16,"231",1
"3265",16,"232",0
"3266",16,"233",0
"3267",16,"234",0
"3268",16,"235",0
"3269",16,"236",0
"3270",16,"237",0
"3271",16,"238",0
"3272",16,"239",0
"3273",16,"24",0
"3274",16,"240",0
"3275",16,"241",0
"3276",16,"242",0
"3277",16,"243",0
"3278",16,"244",1
"3279",16,"245",1
"3280",16,"246",1
"3281",16,"247",1
"3282",16,"248",1
"3283",16,"249",0
"3284",16,"25",0
"3285",16,"250",0
"3286",16,"251",1
"3287",16,"252",1
"3288",16,"26",0
"3289",16,"27",0
"3290",16,"28",0
"3291",16,"29",0
"3292",16,"3",0
"3293",16,"30",0
"3294",16,"31",1
"3295",16,"32",1
"3296",16,"33",1
"3297",16,"34",1
"3298",16,"35",1
"3299",16,"36",0
"3300",16,"37",0
"3301",16,"38",0
"3302",16,"39",0
"3303",16,"4",0
"3304",16,"40",0
"3305",16,"41",0
"3306",16,"42",0
"3307",16,"43",1
"3308",16,"44",1
"3309",16,"45",1
"3310",16,"46",1
"3311",16,"47",1
"3312",16,"48",1
"3313",16,"49",1
"3314",16,"5",0
"3315",16,"50",1
"3316",16,"51",1
"3317",16,"52",1
"3318",16,"53",1
"3319",16,"54",1
"3320",16,"55",1
"3321",16,"56",0
"3322",16,"57",0
"3323",16,"58",0
"3324",16,"59",0
"3325",16,"6",0
"3326",16,"60",0
"3327",16,"61",0
"3328",16,"62",0
"3329",16,"6364",0
"3330",16,"65",0
"3331",16,"66",0
"3332",16,"67",0
"3333",16,"68",0
"3334",16,"69",1
"3335",16,"7",0
"3336",16,"70",1
"3337",16,"71",1
"3338",16,"7273",1
"3339",16,"74",1
"3340",16,"75",1
"3341",16,"76",1
"3342",16,"77",1
"3343",16,"78",1
"3344",16,"79",1
"3345",16,"8",0
"3346",16,"80",1
"3347",16,"81",1
"3348",16,"82",1
"3349",16,"83",1
"3350",16,"84",1
"3351",16,"85",0
"3352",16,"86",0
"3353",16,"87",0
"3354",16,"88",0
"3355",16,"89",0
"3356",16,"9",0
"3357",16,"90",0
"3358",16,"91",0
"3359",16,"92",0
"3360",16,"93",0
"3361",16,"94",0
"3362",16,"95",1
"3363",16,"96",0
"3364",16,"97",0
"3365",16,"98",0
"3366",16,"99",0
"3367",17,"1",0
"3368",17,"10",0
"3369",17,"100",0
"3370",17,"101",0
"3371",17,"102",0
"3372",17,"103",0
"3373",17,"104",0
"3374",17,"105",1
"3375",17,"106",1
"3376",17,"107",1
"3377",17,"108",1
"3378",17,"109",1
"3379",17,"11",0
"3380",17,"110",1
"3381",17,"111",1
"3382",17,"112",0
"3383",17,"113",0
"3384",17,"114",0
"3385",17,"115",0
"3386",17,"116",0
"3387",17,"117",0
"3388",17,"118",0
"3389",17,"119",0
"3390",17,"12",0
"3391",17,"120",1
"3392",17,"121",1
"3393",17,"122",1
"3394",17,"123",1
"3395",17,"124",1
"3396",17,"125",1
"3397",17,"126",1
"3398",17,"127",1
"3399",17,"128",1
"3400",17,"129",1
"3401",17,"13",0
"3402",17,"130",1
"3403",17,"131",1
"3404",17,"132",1
"3405",17,"133",0
"3406",17,"134",0
"3407",17,"135",0
"3408",17,"136",0
"3409",17,"137",0
"3410",17,"138",0
"3411",17,"139",0
"3412",17,"14",0
"3413",17,"140",0
"3414",17,"141",0
"3415",17,"142",0
"3416",17,"143",0
"3417",17,"144",0
"3418",17,"145",0
"3419",17,"146",0
"3420",17,"147",0
"3421",17,"148",0
"3422",17,"149",0
"3423",17,"15",0
"3424",17,"150",0
"3425",17,"151",1
"3426",17,"152",1
"3427",17,"153",1
"3428",17,"154",1
"3429",17,"155",1
"3430",17,"156",1
"3431",17,"157",1
"3432",17,"158",1
"3433",17,"159",1
"3434",17,"16",0
"3435",17,"160",1
"3436",17,"161",1
"3437",17,"162",0
"3438",17,"163",0
"3439",17,"164",0
"3440",17,"165",0
"3441",17,"166",0
"3442",17,"167",0
"3443",17,"168",0
"3444",17,"169",0
"3445",17,"17",0
"3446",17,"170",0
"3447",17,"171",1
"3448",17,"172",1
"3449",17,"173",1
"3450",17,"174",1
"3451",17,"175",1
"3452",17,"176",1
"3453",17,"177",1
"3454",17,"178",1
"3455",17,"179",1
"3456",17,"18",0
"3457",17,"180",1
"3458",17,"181",1
"3459",17,"182",1
"3460",17,"183",1
"3461",17,"184",1
"3462",17,"185",1
"3463",17,"186",1
"3464",17,"187",1
"3465",17,"188",1
"3466",17,"189",1
"3467",17,"19",0
"3468",17,"190",1
"3469",17,"191",1
"3470",17,"192",1
"3471",17,"193",0
"3472",17,"194",0
"3473",17,"195",0
"3474",17,"196",0
"3475",17,"197",0
"3476",17,"198",0
"3477",17,"199",0
"3478",17,"2",0
"3479",17,"20",0
"3480",17,"200",0
"3481",17,"201",0
"3482",17,"202",0
"3483",17,"203",0
"3484",17,"204",0
"3485",17,"205",0
"3486",17,"206",0
"3487",17,"207",0
"3488",17,"208",0
"3489",17,"209",0
"3490",17,"21",0
"3491",17,"210",0
"3492",17,"211",0
"3493",17,"212",0
"3494",17,"213",0
"3495",17,"214",0
"3496",17,"215",0
"3497",17,"216",1
"3498",17,"217",1
"3499",17,"218",1
"3500",17,"219",0
"3501",17,"22",0
"3502",17,"220",1
"3503",17,"221",1
"3504",17,"222",0
"3505",17,"223",0
"3506",17,"224",0
"3507",17,"225",0
"3508",17,"226",0
"3509",17,"227",0
"3510",17,"228",0
"3511",17,"229",0
"3512",17,"23",0
"3513",17,"230",0
"3514",17,"231",0
"3515",17,"232",0
"3516",17,"233",0
"3517",17,"234",0
"3518",17,"235",0
"3519",17,"236",0
"3520",17,"237",0
"3521",17,"238",0
"3522",17,"239",0
"3523",17,"24",0
"3524",17,"240",0
"3525",17,"241",0
"3526",17,"242",0
"3527",17,"243",0
"3528",17,"244",0
"3529",17,"245",0
"3530",17,"246",0
"3531",17,"247",0
"3532",17,"248",0
"3533",17,"249",0
"3534",17,"25",0
"3535",17,"250",0
"3536",17,"251",0
"3537",17,"252",0
"3538",17,"253",0
"3539",17,"254",0
"3540",17,"255",0
"3541",17,"256",0
"3542",17,"257",0
"3543",17,"258",0
"3544",17,"259",0
"3545",17,"26",0
"3546",17,"260",0
"3547",17,"261",0
"3548",17,"262",0
"3549",17,"263",0
"3550",17,"264",0
"3551",17,"265",0
"3552",17,"266",0
"3553",17,"267",0
"3554",17,"268",0
"3555",17,"269",0
"3556",17,"27",0
"3557",17,"270",0
"3558",17,"28",0
"3559",17,"29",0
"3560",17,"3",0
"3561",17,"30",0
"3562",17,"31",0
"3563",17,"32",0
"3564",17,"33",0
"3565",17,"34",0
"3566",17,"35",0
"3567",17,"36",0
"3568",17,"37",0
"3569",17,"38",0
"3570",17,"39",0
"3571",17,"4",0
"3572",17,"40",0
"3573",17,"41",0
"3574",17,"42",0
"3575",17,"43",0
"3576",17,"44",0
"3577",17,"45",0
"3578",17,"46",0
"3579",17,"47",0
"3580",17,"48",0
"3581",17,"49",0
"3582",17,"5",0
"3583",17,"50",0
"3584",17,"51",0
"3585",17,"52",0
"3586",17,"53",0
"3587",17,"54",0
"3588",17,"55",0
"3589",17,"56",0
"3590",17,"57",0
"3591",17,"58",0
"3592",17,"59",0
"3593",17,"6",0
"3594",17,"60",0
"3595",17,"61",0
"3596",17,"62",0
"3597",17,"63",0
"3598",17,"64",0
"3599",17,"65",0
"3600",17,"66",1
"3601",17,"67",1
"3602",17,"68",1
"3603",17,"69",1
"3604",17,"7",0
"3605",17,"70",1
"3606",17,"71",1
"3607",17,"72",1
"3608",17,"73",1
"3609",17,"74",1
"3610",17,"75",0
"3611",17,"77",0
"3612",17,"78",1
"3613",17,"79",1
"3614",17,"8",0
"3615",17,"80",0
"3616",17,"81",1
"3617",17,"82",1
"3618",17,"83",0
"3619",17,"84",0
"3620",17,"85",1
"3621",17,"86",0
"3622",17,"87",0
"3623",17,"88",0
"3624",17,"89",0
"3625",17,"9",0
"3626",17,"90",0
"3627",17,"91",0
"3628",17,"92",0
"3629",17,"93",0
"3630",17,"94",0
"3631",17,"95",0
"3632",17,"96",0
"3633",17,"97",0
"3634",17,"98",0
"3635",17,"99",0
